groupId,aggCol,aggFunc,pred,selectivity,selectedRows,totalRows,varzSata,bestSampler,samplerDiff,gen_from_table
0,l_quantity,sum,l_quantity >= 45.000000,0.007475996262001869,44856,6000003,"'uf_None':598278501026028.000000,'sf_l_returnflag':851353139965239.000000,'bk_l_extendedprice':294719085661891.560000",l_extendedprice,1.4247792049555204,skew_s1_z2.population
0,l_quantity,sum,l_quantity >= 30.000000 and l_extendedprice >= 45297.000000 and l_orderkey >= 3481858.000000 and l_returnflag = 'A' and l_discount <= 0.030000,0.002242998878500561,13458,6000003,"'uf_None':107092859058796.000000,'sf_l_returnflag':22813819335364.000000,'bk_l_extendedprice':46710772202367.270000",l_returnflag,1.4309007932979656,skew_s1_z2.population
0,l_tax,sum,l_discount >= 0.100000 and l_extendedprice >= 29508.600000 and l_quantity >= 48.000000 and l_returnflag = 'R',0.001150666091333621,6904,6000003,"'uf_None':194999.667500,'sf_l_returnflag':41691.155000,'bk_l_extendedprice':57456.802853",l_returnflag,1.1739477416852133,skew_s1_z2.population
0,l_tax,sum,l_returnflag = 'N' and l_discount >= 0.100000 and l_extendedprice <= 29405.040000,0.0017958324354171156,10775,6000003,"'uf_None':40439776.600000,'sf_l_returnflag':104058751.180000,'bk_l_extendedprice':65881224.772169",None,1.2763696190707225,skew_s1_z2.population
0,l_extendedprice,sum,l_quantity >= 11.000000 and l_extendedprice >= 62811.520000 and l_returnflag = 'R',0.00117333274666696,7040,6000003,"'uf_None':240808005604529180000.000000,'sf_l_returnflag':51485448279125390000.000000,'bk_l_extendedprice':86199886011780350000.000000",l_returnflag,1.2939309365899663,skew_s1_z2.population
0,l_tax,sum,l_discount >= 0.090000 and l_extendedprice >= 42607.100000 and l_quantity >= 41.000000,0.003149331758667454,18896,6000003,"'uf_None':74812654.546400,'sf_l_returnflag':44936624.235500,'bk_l_extendedprice':28084088.310566",l_extendedprice,1.264940381174704,skew_s1_z2.population
0,l_extendedprice,sum,l_discount <= 0.030000 and l_extendedprice <= 23662.200000,0.008193662569835381,49162,6000003,"'uf_None':29832700733604250000.000000,'sf_l_returnflag':29902213686247220000.000000,'bk_l_extendedprice':64564182584690205000.000000",None,1.0011643683799902,skew_s1_z2.population
0,l_discount,sum,l_quantity <= 27.000000 and l_orderkey <= 33188.000000,0.005567330549668058,33404,6000003,"'uf_None':320677224.179200,'sf_l_returnflag':825158702.368000,'bk_l_extendedprice':408800406.929067",None,1.1290719076709559,skew_s1_z2.population
0,l_extendedprice,sum,l_quantity >= 46.000000 and l_returnflag = 'R' and l_orderkey >= 5048705.000000,0.0017149991425004288,10290,6000003,"'uf_None':202814366823970670000.000000,'sf_l_returnflag':43362298388467470000.000000,'bk_l_extendedprice':93206623155895290000.000000",l_returnflag,1.4661123096517754,skew_s1_z2.population
0,l_quantity,sum,l_returnflag = 'N' and l_orderkey >= 5916615.000000,0.005748663792334771,34492,6000003,"'uf_None':170214042245774.000000,'sf_l_returnflag':437989449445655.000000,'bk_l_extendedprice':94195614168719.220000",l_extendedprice,1.3442571392786034,skew_s1_z2.population
0,l_quantity,sum,l_returnflag = 'N' and l_quantity >= 45.000000,0.004000164666584333,24001,6000003,"'uf_None':306672590229596.000000,'sf_l_returnflag':789120316181837.000000,'bk_l_extendedprice':143090692120609.060000",l_extendedprice,1.4639686899200182,skew_s1_z2.population
0,l_tax,sum,l_returnflag = 'N' and l_discount >= 0.100000,0.002331665500833916,13990,6000003,"'uf_None':51638119.599200,'sf_l_returnflag':132874075.508000,'bk_l_extendedprice':73130837.341184",None,1.1900496022210527,skew_s1_z2.population
0,l_quantity,sum,l_orderkey >= 4802276.000000 and l_returnflag = 'N' and l_extendedprice <= 27003.840000 and l_discount <= 0.020000,0.004664497667751166,27987,6000003,"'uf_None':10812779220378.000000,'sf_l_returnflag':27823105487571.000000,'bk_l_extendedprice':20023093464433.170000",None,1.3608082061111826,skew_s1_z2.population
0,l_quantity,sum,l_quantity <= 17.000000 and l_orderkey >= 5563681.000000 and l_returnflag = 'N' and l_discount >= 0.050000,0.0028308319179173743,16985,6000003,"'uf_None':14072742846504.000000,'sf_l_returnflag':36211541903256.000000,'bk_l_extendedprice':19916041908243.970000",None,1.1896306359728188,skew_s1_z2.population
0,l_discount,sum,l_extendedprice >= 29023.200000 and l_returnflag = 'A' and l_discount <= 0.030000 and l_quantity >= 33.000000,0.0022138322264172203,13283,6000003,"'uf_None':12964052.892100,'sf_l_returnflag':2761590.489700,'bk_l_extendedprice':5810007.034648",l_returnflag,1.4504697968073352,skew_s1_z2.population
0,l_discount,sum,l_extendedprice >= 77430.320000,0.001434665949333692,8608,6000003,"'uf_None':229867990.134200,'sf_l_returnflag':129987757.028600,'bk_l_extendedprice':76710757.044572",l_extendedprice,1.3017365245861228,skew_s1_z2.population
0,l_discount,sum,l_extendedprice >= 51351.000000 and l_discount >= 0.050000 and l_returnflag = 'R' and l_orderkey >= 2649254.000000 and l_quantity >= 30.000000,0.0019383323641671512,11630,6000003,"'uf_None':337140586.910600,'sf_l_returnflag':72081018.323600,'bk_l_extendedprice':139168017.291594",l_returnflag,1.38950227834971,skew_s1_z2.population
0,l_quantity,sum,l_extendedprice <= 7462.070000,0.006965329850668408,41792,6000003,"'uf_None':3181363449980.000000,'sf_l_returnflag':5585652831212.000000,'bk_l_extendedprice':15159866422102.541000",None,1.3250440796123788,skew_s1_z2.population
0,l_extendedprice,sum,l_quantity >= 34.000000 and l_discount <= 0.010000 and l_returnflag = 'A',0.0019661656835838247,11797,6000003,"'uf_None':268652651002473580000.000000,'sf_l_returnflag':57230642648190050000.000000,'bk_l_extendedprice':118204796353550250000.000000",l_returnflag,1.4371537691417249,skew_s1_z2.population
0,l_discount,sum,l_extendedprice >= 78195.600000 and l_orderkey >= 5487552.000000,0.0013494993252503374,8097,6000003,"'uf_None':221981011.900700,'sf_l_returnflag':127614979.103900,'bk_l_extendedprice':73967476.828599",l_extendedprice,1.3135010511628666,skew_s1_z2.population
0,l_discount,sum,l_extendedprice <= 4424.440000,0.002551498724250638,15309,6000003,"'uf_None':124353907.727100,'sf_l_returnflag':103834174.015200,'bk_l_extendedprice':1129203629.472457",l_returnflag,1.094358366111486,skew_s1_z2.population
0,l_quantity,sum,l_returnflag = 'N' and l_discount >= 0.080000 and l_quantity <= 27.000000,0.0034729982635008684,20838,6000003,"'uf_None':61736124429564.000000,'sf_l_returnflag':158857464559497.000000,'bk_l_extendedprice':55392087326030.960000",l_extendedprice,1.0557128696602973,skew_s1_z2.population
0,l_tax,sum,l_discount >= 0.040000 and l_extendedprice <= 9629.150000,0.006416830124918271,38501,6000003,"'uf_None':154441732.821200,'sf_l_returnflag':158384775.011600,'bk_l_extendedprice':660602629.327316",None,1.012685013840049,skew_s1_z2.population
0,l_tax,sum,l_extendedprice >= 16270.740000 and l_discount <= 0.010000 and l_quantity >= 38.000000,0.00988499505750247,59310,6000003,"'uf_None':881212109.717300,'sf_l_returnflag':2232949474.499300,'bk_l_extendedprice':531687936.077066",l_extendedprice,1.287395020959625,skew_s1_z2.population
0,l_tax,sum,l_discount <= 0.010000 and l_extendedprice >= 56835.760000 and l_returnflag = 'A',0.001863999068000466,11184,6000003,"'uf_None':165683531.402000,'sf_l_returnflag':35294862.554000,'bk_l_extendedprice':72437865.878107",l_returnflag,1.4326070233428443,skew_s1_z2.population
0,l_discount,sum,l_quantity <= 8.000000 and l_discount <= 0.020000,0.006046496976751511,36279,6000003,"'uf_None':12528422.394300,'sf_l_returnflag':9020932.470600,'bk_l_extendedprice':81472465.387421",l_returnflag,1.178480708740687,skew_s1_z2.population
0,l_quantity,sum,l_orderkey >= 5898913.000000 and l_returnflag = 'A' and l_extendedprice >= 35495.400000,0.0025313320676672996,15188,6000003,"'uf_None':135762403306276.000000,'sf_l_returnflag':28921246219684.000000,'bk_l_extendedprice':61075454849017.890000",l_returnflag,1.453198207799942,skew_s1_z2.population
0,l_tax,sum,l_orderkey >= 559780.000000 and l_quantity <= 4.000000,0.006114830275918195,36689,6000003,"'uf_None':837297648.319700,'sf_l_returnflag':1510484145.801500,'bk_l_extendedprice':4938566370.983550",None,1.3431303103167014,skew_s1_z2.population
0,l_discount,sum,l_quantity >= 49.000000,0.003162831751917457,18977,6000003,"'uf_None':1021850331.165800,'sf_l_returnflag':652607729.413400,'bk_l_extendedprice':559764221.408162",l_extendedprice,1.0797508100993303,skew_s1_z2.population
0,l_quantity,sum,l_discount >= 0.020000 and l_quantity <= 44.000000 and l_orderkey >= 5895715.000000 and l_returnflag = 'N',0.006152496923751538,36915,6000003,"'uf_None':147772867052540.000000,'sf_l_returnflag':380244519503123.000000,'bk_l_extendedprice':94954497366351.770000",l_extendedprice,1.2474972017387154,skew_s1_z2.population
0,l_extendedprice,sum,l_quantity <= 5.000000 and l_discount <= 0.070000,0.0066094966952516526,39657,6000003,"'uf_None':6743939054984025100.000000,'sf_l_returnflag':12408998771649657000.000000,'bk_l_extendedprice':30648203380313770000.000000",None,1.3564742449456584,skew_s1_z2.population
0,l_discount,sum,l_orderkey >= 3961380.000000 and l_quantity >= 48.000000,0.0034051649640841845,20431,6000003,"'uf_None':1029313697.147500,'sf_l_returnflag':657714602.281000,'bk_l_extendedprice':563091632.914381",l_extendedprice,1.0807598563702192,skew_s1_z2.population
0,l_tax,sum,l_orderkey >= 3909187.000000 and l_quantity >= 31.000000 and l_extendedprice >= 40958.750000 and l_discount <= 0.010000 and l_returnflag = 'A',0.0018921657205838063,11353,6000003,"'uf_None':167083326.531900,'sf_l_returnflag':35593054.278300,'bk_l_extendedprice':73239647.497815",l_returnflag,1.434466777122364,skew_s1_z2.population
0,l_discount,sum,l_discount <= 0.020000 and l_extendedprice >= 28001.120000 and l_quantity >= 21.000000 and l_orderkey >= 3294467.000000 and l_returnflag = 'R',0.002380498809750595,14283,6000003,"'uf_None':11222852.821500,'sf_l_returnflag':2399358.279000,'bk_l_extendedprice':5311832.932719",l_returnflag,1.4879031121002542,skew_s1_z2.population
0,l_discount,sum,l_extendedprice <= 4290.990000 and l_orderkey >= 5212355.000000 and l_discount <= 0.040000,0.002107498946250527,12645,6000003,"'uf_None':9520671.820400,'sf_l_returnflag':4993837.301000,'bk_l_extendedprice':92021486.379697",l_returnflag,1.3807549318079695,skew_s1_z2.population
0,l_discount,sum,l_orderkey >= 5682592.000000 and l_discount <= 0.040000 and l_extendedprice <= 5246.250000,0.0021286656023338656,12772,6000003,"'uf_None':10198669.139400,'sf_l_returnflag':5468425.430100,'bk_l_extendedprice':95635014.064993",l_returnflag,1.3656537584578243,skew_s1_z2.population
0,l_extendedprice,sum,l_discount <= 0.050000 and l_extendedprice >= 50951.460000 and l_returnflag = 'R',0.003150165091584121,18901,6000003,"'uf_None':454248296346531600000.000000,'sf_l_returnflag':97119599943043830000.000000,'bk_l_extendedprice':193994146163343620000.000000",l_returnflag,1.4133211892769324,skew_s1_z2.population
0,l_tax,sum,l_discount >= 0.050000 and l_quantity <= 6.000000 and l_extendedprice <= 27705.440000 and l_orderkey >= 4803360.000000,0.0016949991525004237,10170,6000003,"'uf_None':135355437.967900,'sf_l_returnflag':116645691.714100,'bk_l_extendedprice':575528752.126905",l_returnflag,1.077217754599373,skew_s1_z2.population
0,l_tax,sum,l_orderkey >= 5972710.000000 and l_extendedprice <= 54391.040000 and l_quantity <= 16.000000,0.0014671659330837,8803,6000003,"'uf_None':115437910.129100,'sf_l_returnflag':176152737.986000,'bk_l_extendedprice':400177660.211937",None,1.2352943956169296,skew_s1_z2.population
0,l_quantity,sum,l_extendedprice <= 17476.920000 and l_discount <= 0.030000 and l_orderkey >= 3154338.000000,0.006809496595251702,40857,6000003,"'uf_None':7118505376186.000000,'sf_l_returnflag':10872125201602.000000,'bk_l_extendedprice':20670970634084.330000",None,1.2358416107959156,skew_s1_z2.population
0,l_extendedprice,sum,l_extendedprice <= 5840.950000,0.0026886653223340056,16132,6000003,"'uf_None':739992712328643970.000000,'sf_l_returnflag':542852424619975940.000000,'bk_l_extendedprice':5986019385472868400.000000",l_returnflag,1.1675428548614093,skew_s1_z2.population
0,l_extendedprice,sum,l_quantity >= 35.000000 and l_returnflag = 'N' and l_discount <= 0.030000,0.009945328360669152,59672,6000003,"'uf_None':746640245905399600000.000000,'sf_l_returnflag':1921231320945005400000.000000,'bk_l_extendedprice':442705831309378100000.000000",l_extendedprice,1.2986678124705842,skew_s1_z2.population
0,l_quantity,sum,l_quantity >= 30.000000 and l_orderkey <= 3659235.000000 and l_returnflag = 'N',0.002099998950000525,12600,6000003,"'uf_None':97977648535200.000000,'sf_l_returnflag':252113020538400.000000,'bk_l_extendedprice':57020534960869.560000",l_extendedprice,1.310834497677916,skew_s1_z2.population
0,l_quantity,sum,l_orderkey >= 3920966.000000 and l_extendedprice <= 5700.240000,0.0026871653230840053,16123,6000003,"'uf_None':431940183118.000000,'sf_l_returnflag':297113570992.000000,'bk_l_extendedprice':3514347312613.183000",l_returnflag,1.2057313677478054,skew_s1_z2.population
0,l_discount,sum,l_extendedprice >= 76453.490000,0.001451999274000363,8712,6000003,"'uf_None':230748788.194600,'sf_l_returnflag':131441498.773900,'bk_l_extendedprice':77021809.515826",l_extendedprice,1.3063495274433379,skew_s1_z2.population
0,l_tax,sum,l_extendedprice >= 35067.820000 and l_quantity >= 49.000000 and l_orderkey >= 3657728.000000 and l_returnflag = 'A' and l_discount >= 0.070000,0.001163999418000291,6984,6000003,"'uf_None':962997.851500,'sf_l_returnflag':205143.815500,'bk_l_extendedprice':358669.746387",l_returnflag,1.3222639527666105,skew_s1_z2.population
0,l_tax,sum,l_quantity >= 34.000000 and l_returnflag = 'R' and l_discount <= 0.050000,0.003149665091834121,18898,6000003,"'uf_None':297245217.103000,'sf_l_returnflag':63551155.018000,'bk_l_extendedprice':133856957.353864",l_returnflag,1.4513051970742368,skew_s1_z2.population
0,l_extendedprice,sum,l_extendedprice >= 76071.000000,0.0014536659398336968,8722,6000003,"'uf_None':354790091148243500000.000000,'sf_l_returnflag':246720971614552650000.000000,'bk_l_extendedprice':117220161218574760000.000000",l_extendedprice,1.4507810564787125,skew_s1_z2.population
0,l_quantity,sum,l_quantity >= 35.000000 and l_extendedprice >= 41160.400000 and l_discount >= 0.100000 and l_orderkey >= 5410308.000000,0.002778831943917361,16673,6000003,"'uf_None':235130096757144.000000,'sf_l_returnflag':73493343200796.000000,'bk_l_extendedprice':130018993639446.690000",l_returnflag,1.330085007548007,skew_s1_z2.population
0,l_quantity,sum,l_orderkey >= 3431525.000000 and l_returnflag = 'A' and l_discount <= 0.040000 and l_extendedprice >= 44199.640000 and l_quantity <= 38.000000,0.0020304989847505076,12183,6000003,"'uf_None':87102955131396.000000,'sf_l_returnflag':18555402268932.000000,'bk_l_extendedprice':38549160656845.530000",l_returnflag,1.44135937170163,skew_s1_z2.population
1,l_tax,sum,l_returnflag = 'R' and l_discount <= 0.040000,0.006796663268335033,40780,6000003,"'uf_None':721230725.796200,'sf_l_returnflag':154199615.997200,'bk_l_extendedprice':1637215524.311895",l_returnflag,2.1626959353214157,skew_s1_z2.population
1,l_extendedprice,sum,l_returnflag = 'A' and l_discount <= 0.020000,0.004447997776001112,26688,6000003,"'uf_None':324756481560321800000.000000,'sf_l_returnflag':69182351540130770000.000000,'bk_l_extendedprice':158160136183679980000.000000",l_returnflag,1.511996741528674,skew_s1_z2.population
1,l_extendedprice,sum,l_quantity >= 49.000000 and l_returnflag = 'R',0.0011833327416669625,7100,6000003,"'uf_None':98483728825849000000.000000,'sf_l_returnflag':21056106145833590000.000000,'bk_l_extendedprice':55355934652656790000.000000",l_returnflag,1.621410807053577,skew_s1_z2.population
1,l_discount,sum,l_orderkey >= 3002755.000000 and l_discount <= 0.020000 and l_returnflag = 'N' and l_quantity <= 8.000000,0.003487498256250872,20925,6000003,"'uf_None':2689771.874900,'sf_l_returnflag':6921283.196000,'bk_l_extendedprice':10095817.552434",None,1.6041153167882507,skew_s1_z2.population
1,l_tax,sum,l_quantity >= 44.000000 and l_orderkey >= 3994789.000000 and l_discount >= 0.080000,0.0036491648420842455,21895,6000003,"'uf_None':103863918.502100,'sf_l_returnflag':91080599.274800,'bk_l_extendedprice':37733564.697973",l_extendedprice,1.5536350923854232,skew_s1_z2.population
1,l_quantity,sum,l_returnflag = 'N' and l_discount <= 0.010000 and l_orderkey >= 5438658.000000 and l_extendedprice <= 18379.800000,0.0037111648110842613,22267,6000003,"'uf_None':3941245863058.000000,'sf_l_returnflag':10141490715916.000000,'bk_l_extendedprice':11966617196006.584000",None,1.6041099576869322,skew_s1_z2.population
1,l_tax,sum,l_discount >= 0.060000 and l_extendedprice >= 61032.480000,0.008535495732252135,51213,6000003,"'uf_None':654953370.857600,'sf_l_returnflag':1379869415.939900,'bk_l_extendedprice':264711300.408243",l_extendedprice,1.5729646045295431,skew_s1_z2.population
1,l_discount,sum,l_extendedprice >= 75336.240000,0.0016878324894170887,10127,6000003,"'uf_None':282564714.222600,'sf_l_returnflag':247319759.889300,'bk_l_extendedprice':95524969.916500",l_extendedprice,1.6090552374468612,skew_s1_z2.population
1,l_quantity,sum,l_orderkey >= 3132737.000000 and l_discount <= 0.090000 and l_returnflag = 'R' and l_extendedprice <= 15505.500000,0.002967165183084075,17803,6000003,"'uf_None':4164271989100.000000,'sf_l_returnflag':890333325775.000000,'bk_l_extendedprice':10305980899882.887000",l_returnflag,2.16268480562,skew_s1_z2.population
1,l_quantity,sum,l_returnflag = 'R' and l_quantity <= 38.000000 and l_orderkey >= 2519426.000000 and l_discount <= 0.020000,0.004357664487834423,26146,6000003,"'uf_None':97970142449640.000000,'sf_l_returnflag':20946299472075.000000,'bk_l_extendedprice':52271198452645.760000",l_returnflag,1.5797107536897392,skew_s1_z2.population
1,l_quantity,sum,l_extendedprice >= 64367.500000,0.00897132884766891,53828,6000003,"'uf_None':512303030021668.000000,'sf_l_returnflag':988064941677322.000000,'bk_l_extendedprice':199088725533641.340000",l_extendedprice,1.604132098265156,skew_s1_z2.population
1,l_discount,sum,l_returnflag = 'N' and l_quantity <= 5.000000 and l_orderkey >= 1990819.000000,0.003798331434167616,22790,6000003,"'uf_None':85388227.494200,'sf_l_returnflag':219718654.028000,'bk_l_extendedprice':479418177.990495",None,1.604111180124365,skew_s1_z2.population
1,l_extendedprice,sum,l_extendedprice >= 59148.780000 and l_quantity >= 39.000000,0.0038129980935009532,22878,6000003,"'uf_None':759907570659512200000.000000,'sf_l_returnflag':921783392262639700000.000000,'bk_l_extendedprice':276001955285519400000.000000",l_extendedprice,1.6592976810452453,skew_s1_z2.population
1,l_discount,sum,l_orderkey >= 4941574.000000 and l_extendedprice >= 56215.080000 and l_quantity <= 45.000000 and l_returnflag = 'N',0.006198663567334883,37192,6000003,"'uf_None':1646203896.613100,'sf_l_returnflag':4235965281.164000,'bk_l_extendedprice':681954357.554426",l_extendedprice,1.5536892407752463,skew_s1_z2.population
1,l_tax,sum,l_orderkey >= 5390722.000000 and l_returnflag = 'R' and l_extendedprice <= 19634.880000 and l_quantity <= 2.000000,0.001155499422250289,6933,6000003,"'uf_None':128357094.548700,'sf_l_returnflag':27442827.562200,'bk_l_extendedprice':1157815238.804183",l_returnflag,2.162696167479541,skew_s1_z2.population
1,l_quantity,sum,l_extendedprice <= 8612.030000 and l_discount <= 0.060000 and l_quantity <= 3.000000,0.002230665551333891,13384,6000003,"'uf_None':316560132158.000000,'sf_l_returnflag':136384936223.000000,'bk_l_extendedprice':2777113014912.260000",l_returnflag,1.5235085884573834,skew_s1_z2.population
1,l_extendedprice,sum,l_orderkey >= 5285635.000000 and l_quantity <= 15.000000 and l_extendedprice <= 9825.680000 and l_returnflag = 'R',0.0017929991035004482,10758,6000003,"'uf_None':1400958863924142080.000000,'sf_l_returnflag':299529058184368380.000000,'bk_l_extendedprice':6541790271559398400.000000",l_returnflag,2.1626847169093106,skew_s1_z2.population
1,l_extendedprice,sum,l_returnflag = 'R' and l_orderkey >= 3515233.000000 and l_discount <= 0.040000 and l_extendedprice <= 46765.290000,0.004359831153417757,26159,6000003,"'uf_None':96790810542618480000.000000,'sf_l_returnflag':20694155318934040000.000000,'bk_l_extendedprice':87615221402096840000.000000",l_returnflag,2.0576235847199316,skew_s1_z2.population
1,l_quantity,sum,l_extendedprice >= 34095.620000 and l_discount >= 0.070000 and l_quantity >= 44.000000 and l_orderkey >= 5857764.000000,0.001777332444667111,10664,6000003,"'uf_None':145106286045732.000000,'sf_l_returnflag':228887825379831.000000,'bk_l_extendedprice':55925674333240.516000",l_extendedprice,1.6107847103640005,skew_s1_z2.population
1,l_tax,sum,l_extendedprice >= 62113.500000,0.009194328736168966,55166,6000003,"'uf_None':743259383.220700,'sf_l_returnflag':1465694380.176700,'bk_l_extendedprice':294629368.372499",l_extendedprice,1.5882987092099667,skew_s1_z2.population
1,l_extendedprice,sum,l_orderkey >= 2382662.000000 and l_extendedprice >= 47806.320000 and l_quantity >= 24.000000 and l_discount >= 0.060000 and l_returnflag = 'A',0.009566495216752392,57399,6000003,"'uf_None':937419032281929500000.000000,'sf_l_returnflag':199696870467698660000.000000,'bk_l_extendedprice':483257846744223250000.000000",l_returnflag,1.55562110937837,skew_s1_z2.population
1,l_discount,sum,l_returnflag = 'A' and l_discount <= 0.040000,0.006680829992918337,40085,6000003,"'uf_None':119830719.925700,'sf_l_returnflag':25526763.404900,'bk_l_extendedprice':140227083.493329",l_returnflag,2.1666372609035234,skew_s1_z2.population
1,l_extendedprice,sum,l_extendedprice <= 6418.400000 and l_discount <= 0.030000,0.00524249737875131,31455,6000003,"'uf_None':4496937144543751700.000000,'sf_l_returnflag':10322994946102710000.000000,'bk_l_extendedprice':22330084446047842000.000000",None,1.5151109910646634,skew_s1_z2.population
1,l_quantity,sum,l_orderkey >= 4588867.000000 and l_quantity >= 32.000000 and l_returnflag = 'A' and l_discount >= 0.090000,0.0015086659123337105,9052,6000003,"'uf_None':123271123205326.000000,'sf_l_returnflag':26260249001062.000000,'bk_l_extendedprice':67075023872673.336000",l_returnflag,1.5981995279981747,skew_s1_z2.population
1,l_extendedprice,sum,l_discount <= 0.030000 and l_orderkey >= 4041344.000000 and l_extendedprice <= 3293.100000,0.0020771656280838525,12463,6000003,"'uf_None':485934125318828990.000000,'sf_l_returnflag':127391328187580240.000000,'bk_l_extendedprice':4415157475204840400.000000",l_returnflag,1.9530743063188534,skew_s1_z2.population
1,l_discount,sum,l_returnflag = 'R' and l_orderkey <= 4636130.000000,0.006405163464084935,38431,6000003,"'uf_None':2305857309.830000,'sf_l_returnflag':492995942.480000,'bk_l_extendedprice':4409271558.607857",l_returnflag,2.16269134401853,skew_s1_z2.population
1,l_tax,sum,l_returnflag = 'A' and l_quantity <= 9.000000 and l_discount <= 0.040000,0.0013539993230003385,8124,6000003,"'uf_None':146652243.376300,'sf_l_returnflag':31240753.449100,'bk_l_extendedprice':1155193936.961121",l_returnflag,2.166624280099957,skew_s1_z2.population
1,l_quantity,sum,l_quantity >= 43.000000 and l_returnflag = 'R' and l_orderkey >= 4587904.000000,0.002048998975500512,12294,6000003,"'uf_None':167053684942260.000000,'sf_l_returnflag':35716560683865.000000,'bk_l_extendedprice':84825336063962.340000",l_returnflag,1.5410899152811295,skew_s1_z2.population
1,l_extendedprice,sum,l_quantity <= 10.000000 and l_discount <= 0.050000 and l_returnflag = 'A' and l_extendedprice <= 8809.250000 and l_orderkey >= 445408.000000,0.0011798327434169617,7079,6000003,"'uf_None':548748085576524160.000000,'sf_l_returnflag':116898923080841424.000000,'bk_l_extendedprice':3273754122878390800.000000",l_returnflag,2.166612547359939,skew_s1_z2.population
1,l_tax,sum,l_returnflag = 'N' and l_extendedprice <= 31429.750000 and l_quantity <= 21.000000 and l_discount <= 0.000000,0.0032313317176674745,19388,6000003,"'uf_None':550348961.515000,'sf_l_returnflag':1416142795.840000,'bk_l_extendedprice':2444901798.211268",None,1.6041111147622222,skew_s1_z2.population
1,l_extendedprice,sum,l_quantity >= 38.000000 and l_extendedprice >= 54812.400000,0.0056538305064180805,33923,6000003,"'uf_None':988659297775591600000.000000,'sf_l_returnflag':1096989467127545000000.000000,'bk_l_extendedprice':381269911260348300000.000000",l_extendedprice,1.610300993347129,skew_s1_z2.population
1,l_extendedprice,sum,l_extendedprice >= 67892.370000 and l_discount >= 0.000000 and l_returnflag = 'N',0.0015846658743337294,9508,6000003,"'uf_None':320681240023798050000.000000,'sf_l_returnflag':825166933809689000000.000000,'bk_l_extendedprice':116215653396629060000.000000",l_extendedprice,1.6611332180425915,skew_s1_z2.population
1,l_tax,sum,l_extendedprice >= 58380.000000 and l_returnflag = 'N' and l_discount >= 0.090000,0.005247497376251312,31485,6000003,"'uf_None':457548505.824900,'sf_l_returnflag':1177351895.916000,'bk_l_extendedprice':191249747.541219",l_extendedprice,1.5467429153124284,skew_s1_z2.population
1,l_discount,sum,l_extendedprice <= 3947.900000 and l_discount <= 0.050000 and l_returnflag = 'R',0.001022166155583589,6133,6000003,"'uf_None':4965537.322800,'sf_l_returnflag':1061595.016800,'bk_l_extendedprice':49410911.449617",l_returnflag,2.1627368976909245,skew_s1_z2.population
1,l_quantity,sum,l_discount <= 0.060000 and l_quantity <= 16.000000 and l_extendedprice <= 60197.670000 and l_returnflag = 'A',0.003096331785167441,18578,6000003,"'uf_None':8716540221296.000000,'sf_l_returnflag':1856870452304.000000,'bk_l_extendedprice':13619369218814.621000",l_returnflag,2.1666126100806755,skew_s1_z2.population
1,l_quantity,sum,l_discount >= 0.090000 and l_extendedprice >= 36970.560000 and l_orderkey >= 4911235.000000 and l_quantity <= 44.000000,0.007322329672168497,43934,6000003,"'uf_None':323429032194622.000000,'sf_l_returnflag':733990180500319.000000,'bk_l_extendedprice':143406185868850.280000",l_extendedprice,1.501777377906394,skew_s1_z2.population
1,l_quantity,sum,l_discount >= 0.030000 and l_extendedprice <= 11322.640000 and l_returnflag = 'N',0.005215330725667971,31292,6000003,"'uf_None':6526251080652.000000,'sf_l_returnflag':16793145383688.000000,'bk_l_extendedprice':21619767495030.770000",None,1.604109958014401,skew_s1_z2.population
1,l_quantity,sum,l_quantity >= 37.000000 and l_returnflag = 'R',0.0035234982382508807,21141,6000003,"'uf_None':246371600259486.000000,'sf_l_returnflag':52674960184581.000000,'bk_l_extendedprice':121132815539774.190000",l_returnflag,1.5164524528562289,skew_s1_z2.population
1,l_tax,sum,l_returnflag = 'R' and l_extendedprice <= 13153.600000,0.002670331998167334,16022,6000003,"'uf_None':235450189.865400,'sf_l_returnflag':50339359.532400,'bk_l_extendedprice':1487899366.102241",l_returnflag,2.162697009096555,skew_s1_z2.population
1,l_extendedprice,sum,l_extendedprice <= 7958.100000 and l_discount <= 0.010000 and l_returnflag = 'R',0.0010296661518335907,6178,6000003,"'uf_None':294496005846663620.000000,'sf_l_returnflag':62964098042801360.000000,'bk_l_extendedprice':2365924979238257700.000000",l_returnflag,2.1626847170105443,skew_s1_z2.population
1,l_extendedprice,sum,l_extendedprice <= 10684.680000 and l_quantity <= 29.000000 and l_orderkey >= 3859715.000000 and l_returnflag = 'A',0.0018374990812504593,11025,6000003,"'uf_None':1677873751150026750.000000,'sf_l_returnflag':357434749641634820.000000,'bk_l_extendedprice':7160421362130702300.000000",l_returnflag,2.166612547308456,skew_s1_z2.population
1,l_tax,sum,l_quantity >= 38.000000 and l_extendedprice >= 52038.900000 and l_returnflag = 'N' and l_orderkey >= 3324226.000000,0.004820164256584538,28921,6000003,"'uf_None':108101676.971000,'sf_l_returnflag':278164446.260000,'bk_l_extendedprice':44815304.305876",l_extendedprice,1.5531129493574447,skew_s1_z2.population
1,l_quantity,sum,l_orderkey >= 3697380.000000 and l_quantity <= 4.000000 and l_discount <= 0.040000 and l_returnflag = 'A',0.0010251661540835895,6151,6000003,"'uf_None':155298065284.000000,'sf_l_returnflag':33082887628.000000,'bk_l_extendedprice':1309590693138.942900",l_returnflag,2.166612865834248,skew_s1_z2.population
1,l_discount,sum,l_extendedprice <= 9440.800000 and l_discount <= 0.020000,0.005277164028084653,31663,6000003,"'uf_None':8227074.253600,'sf_l_returnflag':3593496.125500,'bk_l_extendedprice':71362913.842197",l_returnflag,1.513087759876151,skew_s1_z2.population
1,l_tax,sum,l_orderkey >= 2561893.000000 and l_returnflag = 'R' and l_quantity <= 29.000000 and l_extendedprice <= 15263.040000 and l_discount <= 0.040000,0.0015419992290003856,9252,6000003,"'uf_None':155217213.608800,'sf_l_returnflag':33185524.532800,'bk_l_extendedprice':1202274979.273467",l_returnflag,2.1626966035239605,skew_s1_z2.population
1,l_extendedprice,sum,l_extendedprice <= 2754.560000,0.0023783321441672614,14270,6000003,"'uf_None':530958789784206080.000000,'sf_l_returnflag':139982329339868320.000000,'bk_l_extendedprice':4846722486883417100.000000",l_returnflag,1.9475732433175303,skew_s1_z2.population
1,l_quantity,sum,l_returnflag = 'R' and l_orderkey >= 4913541.000000 and l_extendedprice <= 19816.860000,0.007839662746835294,47038,6000003,"'uf_None':16669195997118.000000,'sf_l_returnflag':3563922064488.000000,'bk_l_extendedprice':33025526805661.445000",l_returnflag,2.162684797286621,skew_s1_z2.population
1,l_discount,sum,l_returnflag = 'R' and l_discount <= 0.030000 and l_extendedprice <= 26083.610000,0.0021788322439172114,13073,6000003,"'uf_None':9487674.753900,'sf_l_returnflag':2028390.113400,'bk_l_extendedprice':47483400.530633",l_returnflag,2.162739198107133,skew_s1_z2.population
1,l_quantity,sum,l_orderkey >= 3213379.000000 and l_extendedprice <= 6947.400000 and l_returnflag = 'A' and l_discount <= 0.040000,0.0010534994732502635,6321,6000003,"'uf_None':184896079160.000000,'sf_l_returnflag':39388104248.000000,'bk_l_extendedprice':1425772400930.681000",l_returnflag,2.1666128348042935,skew_s1_z2.population
1,l_discount,sum,l_quantity >= 36.000000 and l_orderkey >= 5540640.000000 and l_returnflag = 'A' and l_extendedprice >= 23024.970000,0.003562164885584224,21373,6000003,"'uf_None':760849845.915500,'sf_l_returnflag':162081412.743500,'bk_l_extendedprice':386457626.458157",l_returnflag,1.5441316841212063,skew_s1_z2.population
